{
    "daqparam": {
        "dev_id": "Dev3",
        "mode": "finite",
        "ai_ch": [
            0,
            1
        ],
        "ai_feedback_ch": 0,
        "ao_ch": 0,
        "scan_rate": 5000,
        "acq_dur": 500
    },
    "wheel_radius": 8,
    "volt_list": [
        2.32,
        2.34,
        2.36,
        2.38,
        2.4,
        2.42,
        2.44,
        2.46,
        2.48,
        2.5,
        2.52,
        2.54,
        2.56,
        2.58,
        2.6,
        2.62,
        2.64,
        2.66,
        2.68,
        2.7,
        2.72,
        2.74,
        2.7600000000000002,
        2.7800000000000002
    ],
    "stop_volt": 2.3
}