{
    "daqparam": {
        "dev_id": "Dev3",
        "mode": "finite",
        "ai_ch": [
            0,
            1
        ],
        "ai_feedback_ch": 0,
        "ao_ch": 0,
        "scan_rate": 5000,
        "acq_dur": 500
    },
    "wheel_radius": 8,
    "volt_list": [
        2.28,
        2.26,
        2.2399999999999998,
        2.2199999999999998,
        2.1999999999999997,
        2.1799999999999997,
        2.1599999999999997,
        2.1399999999999997,
        2.1199999999999997,
        2.0999999999999996,
        2.0799999999999996,
        2.0599999999999996,
        2.0399999999999996,
        2.0199999999999996,
        1.9999999999999996,
        1.9799999999999995,
        1.9599999999999995,
        1.9399999999999995,
        1.9199999999999995,
        1.8999999999999995,
        1.8799999999999994,
        1.8599999999999994,
        1.8399999999999994,
        1.8199999999999994
    ],
    "stop_volt": 2.3
}